X1,X2,X3,X4,X5,X6,X7,X8,X9,X10,X11,XY
1.0,0.0,0.0,1,0.0,1.378452005418018,0.0,120.0,360.0,1.0,2,1
1.0,1.0,1.0,1,0.0,1.0800898513986625,0.9021940862655701,128.0,360.0,1.0,0,0
1.0,1.0,0.0,1,1.0,0.7070193223207478,0.0,66.0,360.0,1.0,2,1
1.0,1.0,0.0,0,0.0,0.6087436365181639,1.4107252356858184,120.0,360.0,1.0,2,1
1.0,0.0,0.0,1,0.0,1.4140386446414956,0.0,141.0,360.0,1.0,2,1
1.0,1.0,2.0,1,1.0,1.2766412230038304,2.510349062314544,267.0,360.0,1.0,2,1
1.0,1.0,0.0,0,0.0,0.5498253596581016,0.9069802617895254,95.0,360.0,1.0,2,1
1.0,1.0,3.0,1,0.0,0.7155035541885969,1.4980729389980023,158.0,360.0,0.0,1,0
1.0,1.0,2.0,1,0.0,0.9441064684056386,0.9129629811944695,168.0,360.0,1.0,2,1
1.0,1.0,2.0,1,0.0,0.7541539438087977,0.4187903583460869,70.0,360.0,1.0,2,1
1.0,1.0,2.0,1,0.0,0.5891827686006232,1.1008203705097142,109.0,360.0,1.0,2,1
1.0,1.0,2.0,1,0.0,0.7242234591638861,4.849592349647686,200.0,360.0,1.0,2,1
1.0,0.0,0.0,1,0.0,0.4367022680867819,1.699092311004124,114.0,360.0,1.0,0,0
1.0,1.0,2.0,1,0.0,0.30613936656488383,0.6497233273769292,17.0,120.0,1.0,2,1
1.0,0.0,0.0,1,0.0,1.166581881829234,0.0,125.0,360.0,1.0,2,1
1.0,0.0,1.0,0,0.0,0.8474804943551365,0.0,100.0,240.0,1.0,2,1
0.0,0.0,0.0,1,0.0,0.827212607115275,0.0,76.0,360.0,0.0,2,0
1.0,1.0,0.0,0,0.0,1.1517344760604984,0.0,133.0,360.0,1.0,0,0
1.0,1.0,0.0,1,0.0,0.6127500793446482,2.0939517917304347,115.0,360.0,1.0,2,1
1.0,1.0,0.0,0,0.0,1.8052560029923095,0.0,104.0,360.0,0.0,2,0
1.0,1.0,1.0,1,0.0,1.4034333548066846,3.3652796652810557,315.0,360.0,1.0,2,1
1.0,1.0,0.0,0,0.0,0.6127500793446482,1.1432976782848172,116.0,360.0,0.0,1,0
1.0,1.0,2.0,0,0.0,0.7930400065364389,1.1468873099277836,112.0,360.0,0.0,0,0
1.0,1.0,1.0,1,0.0,0.8759969403554067,1.7499454259461489,151.0,360.0,1.0,1,0
1.0,1.0,0.0,1,1.0,2.253034907128783,0.0,191.0,360.0,1.0,1,1
1.0,1.0,0.0,1,0.0,0.6596490277252578,1.3479066819339054,122.0,360.0,1.0,1,1
1.0,1.0,2.0,0,0.0,0.9959545520424935,0.6222028181141863,110.0,360.0,1.0,2,1
1.0,0.0,0.0,0,0.0,0.3398406209288395,0.0,35.0,360.0,1.0,2,0
0.0,0.0,2.0,1,0.0,0.8837741529009349,1.2462004520498557,120.0,360.0,1.0,1,1
1.0,1.0,1.0,1,0.0,0.9818141655960786,2.0155781675256668,201.0,360.0,1.0,2,0
1.0,0.0,0.0,1,0.0,0.7463767312632695,0.0,74.0,360.0,1.0,2,0
1.0,0.0,1.0,1,1.0,1.1057782201096498,0.0,106.0,360.0,1.0,0,0
1.0,1.0,0.0,1,0.0,0.8248558760408725,0.9973193248041813,114.0,360.0,1.0,1,1
1.0,1.0,0.0,1,0.0,0.5361563194265672,1.2366281010019453,120.0,360.0,1.0,2,1
1.0,1.0,0.0,1,0.0,0.4308104404007757,0.7957016808575651,100.0,360.0,0.0,2,0
0.0,1.0,0.0,1,0.0,0.8642132849833941,0.872878761181344,144.0,360.0,1.0,1,1
1.0,0.0,0.0,1,0.0,0.9818141655960786,4.313540690964695,184.0,360.0,1.0,2,1
1.0,0.0,0.0,0,0.0,0.8833028066860543,0.9979175967446756,110.0,360.0,1.0,1,1
1.0,0.0,0.0,1,0.0,0.8484231867848975,0.0,80.0,360.0,1.0,2,0
1.0,0.0,0.0,1,0.0,0.42421159339244874,0.7257038638197192,47.0,360.0,1.0,2,1
1.0,1.0,0.0,1,0.0,0.5656154578565983,0.0,75.0,360.0,1.0,2,1
1.0,1.0,0.0,1,0.0,0.9287877164220224,1.3975632529949416,134.0,360.0,1.0,1,1
1.0,1.0,0.0,0,1.0,1.1064852394319704,0.0,96.0,360.0,1.0,2,1
0.0,0.0,0.0,1,0.0,0.80364529637125,0.0,88.0,360.0,1.0,2,1
1.0,1.0,1.0,1,0.0,1.3313173839299683,0.0,44.0,360.0,1.0,2,1
1.0,1.0,0.0,1,0.0,1.3718531584096911,0.0,144.0,360.0,1.0,2,1
0.0,1.0,0.0,1,0.0,0.6233553691794593,2.05805547530077,120.0,360.0,0.0,2,0
0.0,0.0,0.0,1,0.0,0.9426924297609972,1.3610686646247825,144.0,360.0,1.0,1,1
0.0,1.0,0.0,0,0.0,0.4543777511448006,0.9835590701728099,100.0,360.0,1.0,1,1
0.0,0.0,0.0,1,0.0,0.7272872095606093,0.0,120.0,360.0,1.0,1,1
0.0,0.0,0.0,1,0.0,0.9968972444722545,0.0,112.0,360.0,1.0,1,0
1.0,1.0,2.0,1,0.0,1.0878670639441907,0.0,134.0,360.0,1.0,2,0
0.0,1.0,1.0,1,1.0,2.710240735562867,0.0,286.0,360.0,0.0,2,0
1.0,1.0,2.0,1,0.0,0.6382027749481951,0.6981833545569763,97.0,360.0,1.0,1,1
1.0,1.0,0.0,1,0.0,0.5024550650626115,0.9518506573266061,96.0,360.0,1.0,1,1
1.0,1.0,0.0,1,0.0,0.7932756796438791,1.3161982690877017,135.0,360.0,1.0,0,0
1.0,1.0,1.0,1,0.0,1.9042387081172143,1.3461118661124223,180.0,360.0,1.0,2,1
1.0,1.0,2.0,0,0.0,0.7911546216769169,1.7104594778735178,144.0,360.0,1.0,2,1
1.0,1.0,0.0,1,0.0,0.5891827686006232,2.2710402861167798,120.0,360.0,1.0,2,1
1.0,1.0,3.0,1,0.0,0.7138538424365151,0.0,99.0,360.0,1.0,2,1
1.0,1.0,0.0,0,1.0,0.6148711373116104,2.0634399227652196,165.0,180.0,0.0,0,0
1.0,1.0,1.0,1,0.0,1.1654035162920326,0.0,120.0,360.0,0.0,0,0
0.0,0.0,0.0,1,0.0,0.9818141655960786,0.0,116.0,360.0,0.0,1,0
1.0,1.0,0.0,1,0.0,1.3494642132028674,2.7490595665718134,258.0,360.0,1.0,1,0
1.0,0.0,0.0,0,0.0,0.7541539438087977,1.3485049538743998,126.0,180.0,0.0,2,0
1.0,1.0,1.0,1,0.0,2.5334859049826797,0.0,312.0,360.0,1.0,2,1
1.0,1.0,3.0,0,1.0,1.6732790628257699,0.0,125.0,60.0,1.0,2,1
0.0,0.0,0.0,1,0.0,1.0133943619930719,0.0,136.0,360.0,0.0,1,0
1.0,1.0,0.0,1,0.0,0.7560393286683197,1.8343017695558608,172.0,360.0,1.0,2,1
1.0,1.0,2.0,0,1.0,0.44188707645046743,1.1217598884270186,97.0,360.0,1.0,1,1
1.0,0.0,0.0,1,0.0,0.8248558760408725,0.0,81.0,300.0,1.0,1,1
1.0,1.0,3.0,0,0.0,1.1206256258783853,0.0,95.0,360.0,0.0,1,0
1.0,1.0,3.0,1,1.0,1.2410545837803528,1.061334422437083,187.0,360.0,1.0,1,1
1.0,0.0,0.0,1,0.0,0.8837741529009349,0.0,113.0,480.0,1.0,2,0
1.0,0.0,0.0,1,0.0,0.8837741529009349,2.841791717348447,176.0,360.0,1.0,2,0
1.0,1.0,1.0,1,1.0,0.2356731074402493,1.8079778041741066,110.0,360.0,1.0,2,0
1.0,1.0,3.0,1,0.0,0.7463767312632695,2.3930877619776396,180.0,300.0,0.0,1,0
1.0,1.0,3.0,0,1.0,0.7854984670983509,1.2958570231108917,130.0,360.0,1.0,1,1
0.0,0.0,0.0,1,0.0,0.9063987712151987,0.0,111.0,360.0,1.0,1,1
1.0,1.0,1.0,1,1.0,0.5644370923193971,0.0,120.0,360.0,1.0,1,1
0.0,1.0,2.0,1,0.0,0.32475754205266355,1.125349520069985,167.0,360.0,1.0,2,0
1.0,1.0,0.0,1,0.0,1.4140386446414956,1.3461118661124223,265.0,360.0,1.0,1,0
1.0,1.0,1.0,1,0.0,0.9398643524717142,0.0,50.0,240.0,1.0,2,1
1.0,0.0,0.0,1,0.0,0.5576025722036299,1.5142262813913514,136.0,360.0,1.0,1,1
1.0,1.0,2.0,0,0.0,0.7854984670983509,1.1965438809888198,99.0,360.0,1.0,1,1
1.0,1.0,0.0,1,0.0,0.5891827686006232,1.2671399699671602,104.0,360.0,1.0,1,1
1.0,0.0,0.0,1,0.0,2.0187758383331755,0.0,210.0,360.0,1.0,2,1
1.0,1.0,0.0,1,0.0,1.3421583468722198,2.492999176040206,175.0,360.0,1.0,1,1
1.0,1.0,0.0,1,0.0,0.6971210518082575,1.7349886274337887,131.0,360.0,1.0,1,1
1.0,1.0,2.0,1,0.0,1.472956921501558,3.3826295515553935,188.0,180.0,1.0,1,1
1.0,1.0,2.0,0,0.0,0.7713580806519359,1.088854931699826,81.0,360.0,1.0,2,1
1.0,0.0,0.0,1,0.0,0.9740369530505503,0.0,122.0,360.0,1.0,1,1
1.0,0.0,0.0,0,0.0,0.8531366489337024,0.0,25.0,120.0,1.0,1,1
1.0,0.0,0.0,1,0.0,1.5983350146597708,0.0,120.0,360.0,1.0,2,0
0.0,1.0,0.0,1,0.0,0.5854119988815792,1.3772220070181316,137.0,360.0,1.0,1,1
1.0,1.0,0.0,1,0.0,0.4659257334093728,0.5964771246729267,50.0,360.0,1.0,1,1
1.0,1.0,0.0,0,0.0,0.986998973959764,0.0,115.0,180.0,1.0,1,1
1.0,1.0,0.0,1,0.0,0.4145489959873985,2.1184809412907053,131.0,360.0,1.0,1,1
1.0,1.0,2.0,0,0.0,1.010566284703789,1.9521613418332595,133.0,180.0,1.0,2,1
1.0,0.0,0.0,1,0.0,1.1413648593331274,2.2770230055217238,151.0,360.0,1.0,1,1
1.0,1.0,0.0,1,0.0,1.0963512958120396,2.1436083627914706,120.0,360.0,1.0,1,1
1.0,1.0,0.0,1,0.0,0.8993285779919913,0.45109704313278504,160.0,360.0,1.0,2,1
1.0,1.0,1.0,1,0.0,0.7192743239076408,0.6162200987092422,100.0,360.0,1.0,2,1
1.0,1.0,2.0,1,0.0,2.690679867645326,0.6736542049967055,225.0,360.0,1.0,2,1
1.0,0.0,0.0,0,0.0,1.728190896859348,0.0,120.0,360.0,1.0,0,0
1.0,1.0,2.0,1,0.0,0.8955578082729473,2.1537789857798755,216.0,360.0,0.0,2,0
1.0,1.0,3.0,0,0.0,0.48807900550875627,0.45109704313278504,94.0,480.0,1.0,1,1
1.0,0.0,0.0,1,0.0,1.2528382391523651,0.0,136.0,360.0,1.0,2,1
0.0,1.0,0.0,1,0.0,0.6902865316924902,1.3957684371734582,139.0,360.0,1.0,1,1
1.0,1.0,0.0,0,0.0,0.8418243397765705,2.461290763194002,152.0,360.0,0.0,0,0
0.0,0.0,1.0,1,1.0,1.7560003235372974,0.0,120.0,360.0,1.0,1,1
1.0,0.0,0.0,1,0.0,1.190149192573259,0.0,118.0,360.0,1.0,1,1
0.0,1.0,0.0,1,0.0,0.7463767312632695,1.3658548401487378,154.0,360.0,1.0,1,1
1.0,1.0,1.0,1,0.0,0.5217802598727119,0.836384172811185,85.0,360.0,1.0,2,1
1.0,1.0,0.0,1,0.0,1.312227862227308,1.281498496539026,175.0,360.0,1.0,0,0
0.0,0.0,0.0,1,0.0,2.4528857022381145,0.0,259.0,360.0,1.0,2,1
1.0,1.0,0.0,1,0.0,1.3355594998638927,1.595591265298591,180.0,360.0,1.0,0,1
0.0,0.0,0.0,1,0.0,0.9818141655960786,0.0,44.0,360.0,1.0,1,1
0.0,0.0,0.0,1,0.0,0.5036334305998127,5.3724820256398,137.0,360.0,0.0,1,1
1.0,1.0,2.0,1,0.0,0.6968853787008171,0.0,81.0,360.0,1.0,1,1
1.0,1.0,0.0,0,0.0,1.0133943619930719,1.2049196881557416,194.0,360.0,1.0,0,1
0.0,0.0,0.0,1,0.0,0.8701051126694004,0.0,93.0,360.0,1.0,0,1
1.0,0.0,0.0,1,0.0,0.9108765602565635,0.9811659824108322,120.0,360.0,1.0,0,1
1.0,1.0,1.0,1,1.0,2.477631378519341,2.303346970903478,160.0,180.0,0.0,2,0
1.0,1.0,0.0,1,0.0,1.4328924932367157,1.536960615130139,182.0,360.0,1.0,0,0
1.0,0.0,0.0,1,0.0,0.47464563838466206,1.1540665732137168,74.0,360.0,1.0,2,1
1.0,0.0,0.0,1,0.0,0.6405595060225976,0.0,70.0,360.0,1.0,1,1
1.0,1.0,0.0,1,1.0,0.8151932786358222,0.0,25.0,120.0,1.0,1,1
1.0,0.0,0.0,1,0.0,1.1536198609200203,0.0,102.0,360.0,1.0,1,1
1.0,1.0,3.0,1,0.0,0.9426924297609972,4.636607538831677,290.0,360.0,1.0,1,0
0.0,1.0,0.0,1,0.0,1.0800898513986625,0.0,84.0,360.0,1.0,0,0
1.0,1.0,2.0,1,1.0,0.7814920242718667,2.0939517917304347,88.0,360.0,1.0,2,1
1.0,1.0,2.0,0,0.0,0.989827051249047,0.8555288749070061,129.0,360.0,1.0,0,0
1.0,1.0,2.0,1,0.0,1.1882638077137369,1.2462004520498557,185.0,360.0,1.0,0,0
1.0,0.0,0.0,1,0.0,1.2766412230038304,0.0,168.0,360.0,1.0,2,1
1.0,0.0,0.0,1,1.0,1.6379280967097325,0.0,175.0,180.0,1.0,1,1
1.0,1.0,0.0,1,0.0,0.6358460438737926,1.2168851269656298,122.0,360.0,1.0,1,1
0.0,1.0,0.0,1,0.0,0.5491183403357809,2.683847925057923,100.0,360.0,1.0,1,1
1.0,1.0,1.0,1,0.0,0.3624652392431034,0.852537515204534,30.0,360.0,1.0,2,1
0.0,0.0,0.0,1,0.0,2.356731074402493,0.9967210528636868,225.0,360.0,1.0,0,0
1.0,1.0,0.0,1,0.0,1.1453713021596115,0.4965657106103602,125.0,360.0,1.0,1,1
1.0,0.0,0.0,1,0.0,1.4793200954024448,0.0,118.0,360.0,0.0,0,0
1.0,1.0,0.0,1,1.0,0.6073295978735225,2.243519776854037,152.0,360.0,1.0,0,1
1.0,0.0,0.0,1,0.0,2.160179702797325,0.0,244.0,360.0,1.0,2,0
1.0,1.0,2.0,0,0.0,0.5375703580712087,0.0,113.0,360.0,1.0,0,0
1.0,0.0,0.0,1,0.0,0.7668802916105711,0.0,50.0,360.0,1.0,2,1
1.0,1.0,1.0,1,0.0,1.4140386446414956,0.0,160.0,360.0,1.0,0,1
1.0,1.0,1.0,1,0.0,2.2478500987650976,0.0,187.0,360.0,1.0,2,1
1.0,0.0,0.0,1,0.0,0.7023058601719429,1.2462004520498557,120.0,360.0,1.0,0,1
1.0,1.0,0.0,1,0.0,1.0800898513986625,3.3652796652810557,255.0,360.0,1.0,1,1
1.0,1.0,0.0,0,0.0,0.4390589991611844,0.6228010900546807,98.0,360.0,1.0,1,1
1.0,1.0,0.0,1,0.0,1.8695947613234976,0.0,275.0,360.0,1.0,2,0
1.0,1.0,1.0,1,0.0,0.7279942288829301,0.7657880838328447,121.0,360.0,0.0,1,0
1.0,1.0,2.0,1,0.0,0.9820498387035188,0.8656994978954111,158.0,360.0,1.0,0,1
1.0,1.0,0.0,1,0.0,2.197180380665444,0.0,75.0,180.0,1.0,2,1
1.0,1.0,0.0,1,0.0,0.8736402092810042,1.8941289636053016,182.0,360.0,1.0,0,1
0.0,1.0,0.0,1,0.0,1.0800898513986625,0.0,112.0,360.0,1.0,0,0
1.0,1.0,0.0,1,0.0,0.574806709046768,1.9940403776678681,129.0,360.0,1.0,0,1
1.0,0.0,0.0,1,0.0,0.5272007413438377,0.0,63.0,480.0,0.0,1,0
1.0,1.0,2.0,1,0.0,1.8853848595219944,0.0,200.0,360.0,1.0,1,1
1.0,1.0,0.0,0,0.0,0.4289250555412537,1.058343062734611,95.0,360.0,1.0,0,1
1.0,1.0,3.0,0,0.0,0.830040684404558,0.0,81.0,180.0,1.0,0,0
1.0,1.0,0.0,1,0.0,1.345222097268943,3.3652796652810557,187.0,360.0,1.0,1,1
1.0,1.0,0.0,0,1.0,1.023763978720443,0.44032814820388566,87.0,360.0,1.0,1,0
1.0,1.0,0.0,1,0.0,0.8241488567185518,1.175006091131021,116.0,360.0,1.0,0,1
1.0,1.0,2.0,1,0.0,0.4819515047153098,0.9686022716604495,101.0,360.0,1.0,0,1
1.0,1.0,3.0,1,0.0,1.299972860640415,6.760472927586831,495.0,360.0,0.0,1,0
1.0,1.0,1.0,1,0.0,0.8837741529009349,0.0,116.0,360.0,1.0,1,1
1.0,0.0,0.0,0,0.0,0.5498253596581016,0.8680925856573888,102.0,480.0,0.0,2,0
1.0,1.0,1.0,1,0.0,1.5083078876175955,4.337471568584472,180.0,360.0,0.0,2,0
1.0,0.0,0.0,1,0.0,0.45154967385551764,3.029050834723197,67.0,360.0,1.0,0,0
1.0,1.0,0.0,1,0.0,1.0840962942251466,0.0,73.0,180.0,1.0,1,1
0.0,1.0,0.0,1,0.0,0.8543150144709036,0.0,108.0,360.0,1.0,1,1
1.0,1.0,1.0,1,1.0,0.513296028004863,0.0,66.0,300.0,0.0,0,0
1.0,1.0,0.0,1,0.0,0.5616090150301141,1.2791054087770484,58.0,360.0,1.0,0,1
1.0,1.0,0.0,1,1.0,0.15884367441472802,3.1684481968583946,168.0,360.0,1.0,0,1
1.0,1.0,0.0,1,0.0,2.1983587462026453,0.0,188.0,180.0,1.0,0,1
1.0,0.0,0.0,0,0.0,1.1512631298456177,0.0,48.0,360.0,1.0,0,1
1.0,1.0,0.0,0,0.0,1.421815857187024,0.0,160.0,360.0,1.0,2,0
1.0,0.0,0.0,1,0.0,0.9092268485044818,0.0,76.0,360.0,1.0,1,1
1.0,0.0,0.0,1,0.0,0.9877059932820847,0.0,120.0,360.0,1.0,0,1
1.0,1.0,1.0,1,0.0,0.736478460750779,1.5453364222970607,170.0,360.0,1.0,1,0
1.0,0.0,0.0,1,0.0,1.9638640042995974,2.243519776854037,187.0,360.0,1.0,0,1
0.0,0.0,0.0,0,0.0,0.44942861588855537,1.4149131392692793,120.0,360.0,1.0,2,1
0.0,1.0,0.0,1,0.0,0.8050593350158916,1.6847337844322583,113.0,360.0,1.0,1,1
1.0,0.0,0.0,1,1.0,2.5924041818427424,0.0,83.0,360.0,1.0,2,0
1.0,1.0,1.0,0,0.0,0.6127500793446482,1.4956798512360248,90.0,360.0,1.0,1,1
1.0,0.0,2.0,1,0.0,1.1602187079283472,0.0,166.0,360.0,0.0,1,1
1.0,1.0,3.0,0,0.0,0.9408070449014752,0.0,120.0,180.0,1.0,2,0
1.0,1.0,1.0,0,0.0,0.8248558760408725,0.6479285115554458,135.0,360.0,1.0,2,1
1.0,1.0,2.0,0,0.0,0.9231315618434565,0.0,124.0,360.0,1.0,1,1
0.0,0.0,0.0,0,0.0,1.0388470575966189,0.0,120.0,360.0,1.0,1,1
0.0,0.0,0.0,1,0.0,0.7645235605361687,0.0,80.0,360.0,1.0,2,1
1.0,0.0,0.0,0,0.0,0.9368006020749909,1.5142262813913514,55.0,360.0,1.0,0,1
1.0,0.0,0.0,1,0.0,0.584233633344378,0.0,59.0,360.0,1.0,2,1
1.0,0.0,0.0,1,0.0,0.8055306812307721,0.0,127.0,360.0,1.0,1,0
0.0,0.0,0.0,1,0.0,2.356731074402493,0.0,214.0,360.0,1.0,1,0
1.0,1.0,3.0,1,0.0,0.8083587585200551,0.7478399256180124,128.0,360.0,0.0,1,0
1.0,1.0,1.0,1,1.0,1.8351864876372213,0.0,240.0,360.0,1.0,2,1
1.0,1.0,3.0,0,1.0,1.3440437317317417,0.0,130.0,360.0,1.0,0,1
1.0,1.0,0.0,1,0.0,0.747790769907911,1.8073795322336121,137.0,360.0,1.0,2,1
1.0,1.0,3.0,0,0.0,0.9073414636449598,0.5881013175060049,100.0,360.0,1.0,1,1
1.0,1.0,0.0,1,0.0,0.03535096611603739,1.0768894928899377,135.0,360.0,1.0,0,0
1.0,1.0,0.0,1,0.0,0.8783536714298091,1.0619326943775775,131.0,360.0,1.0,1,1
1.0,1.0,2.0,1,0.0,1.1783655372012465,0.0,72.0,360.0,0.0,1,0
0.0,1.0,2.0,1,0.0,1.0093879191665878,1.4256820341981786,127.0,360.0,1.0,1,1
1.0,1.0,0.0,1,0.0,0.5234299716247937,0.0,60.0,360.0,0.0,2,0
1.0,1.0,2.0,1,0.0,0.9448134877279594,1.0272329218289018,116.0,360.0,1.0,1,1
1.0,0.0,0.0,1,0.0,0.7001848022049807,1.6697769859198979,144.0,360.0,1.0,1,1
1.0,1.0,0.0,1,0.0,1.7859308081822092,0.604254659899354,175.0,360.0,1.0,1,1
1.0,1.0,0.0,1,0.0,1.472956921501558,0.0,128.0,360.0,1.0,1,1
1.0,1.0,0.0,1,0.0,0.7659375991808102,0.0,170.0,360.0,1.0,0,0
1.0,1.0,0.0,0,1.0,1.1159121637295804,0.0,138.0,360.0,1.0,2,0
1.0,1.0,2.0,1,0.0,1.472956921501558,1.0140709391380247,210.0,360.0,1.0,1,1
1.0,1.0,0.0,1,0.0,1.1213326452007062,0.0,158.0,480.0,1.0,1,1
1.0,0.0,0.0,1,1.0,1.5083078876175955,0.0,200.0,360.0,1.0,0,1
1.0,1.0,1.0,1,0.0,0.587061710633661,1.228850565775518,104.0,360.0,1.0,1,1
1.0,1.0,0.0,1,0.0,0.8757612672479663,0.0,42.0,180.0,1.0,0,1
1.0,0.0,0.0,0,0.0,0.7515615396269549,1.554310501404477,120.0,360.0,1.0,0,1
0.0,0.0,0.0,1,0.0,1.9638640042995974,0.0,280.0,360.0,1.0,1,1
1.0,1.0,1.0,1,0.0,0.7435486539739865,1.064325782139555,140.0,360.0,1.0,1,1
1.0,1.0,1.0,1,0.0,1.2962020909213712,0.7538226450229565,170.0,360.0,1.0,0,1
1.0,1.0,0.0,1,0.0,1.3541776753516723,0.0,255.0,360.0,1.0,2,0
0.0,0.0,0.0,1,1.0,0.8161359710655833,0.0,122.0,360.0,1.0,2,1
0.0,0.0,1.0,1,0.0,0.8983858855622303,0.0,112.0,360.0,1.0,0,1
1.0,1.0,1.0,1,0.0,0.7812563511644264,0.0,96.0,360.0,1.0,1,1
1.0,1.0,2.0,1,0.0,1.3713818121948107,2.9913597024720495,120.0,360.0,1.0,0,1
1.0,1.0,1.0,0,0.0,0.5915394996750257,1.1863732580004147,140.0,180.0,1.0,2,0
1.0,0.0,0.0,1,0.0,0.6987707635603392,3.4107483327586308,155.0,60.0,1.0,2,1
1.0,1.0,2.0,1,1.0,1.472956921501558,0.7777535226427328,108.0,360.0,1.0,0,1
1.0,1.0,0.0,0,0.0,0.8027026039414891,2.6425671611638086,123.0,360.0,1.0,1,1
1.0,0.0,0.0,1,1.0,1.4258223000135082,2.592312318162278,120.0,180.0,1.0,2,0
1.0,1.0,2.0,1,0.0,2.286736161492739,0.0,112.0,360.0,1.0,2,1
1.0,1.0,1.0,0,0.0,1.5573278939651674,0.0,137.0,180.0,1.0,2,1
1.0,1.0,1.0,1,0.0,0.6792098956427984,1.1026151863311975,123.0,480.0,1.0,1,1
1.0,1.0,0.0,1,0.0,0.42633265135941095,1.1175719848435577,90.0,360.0,1.0,2,1
1.0,1.0,0.0,0,0.0,0.39310274321033584,2.3272778485232544,201.0,360.0,0.0,1,0
0.0,0.0,2.0,1,0.0,0.8076517391977344,0.0,138.0,360.0,1.0,2,0
1.0,0.0,0.0,0,1.0,0.6087436365181639,1.2964552950513861,104.0,360.0,1.0,0,1
1.0,1.0,1.0,0,0.0,0.6271261388985033,4.248329049450804,279.0,180.0,1.0,1,1
0.0,0.0,3.0,1,0.0,0.7265801902382886,0.0,255.0,360.0,1.0,0,1
1.0,0.0,0.0,0,0.0,1.4246439344763069,0.0,115.0,360.0,0.0,0,0
1.0,1.0,3.0,1,0.0,1.2372838140613087,0.0,94.0,360.0,1.0,2,0
1.0,1.0,3.0,0,0.0,1.1621040927878692,0.0,128.0,360.0,1.0,1,0
1.0,1.0,1.0,1,0.0,1.4335995125590364,2.542655747101242,330.0,360.0,1.0,2,1
1.0,0.0,0.0,1,0.0,0.4854866013269135,1.3215827165521514,134.0,360.0,1.0,1,1
0.0,0.0,1.0,1,0.0,0.8203780869995078,0.0,155.0,36.0,1.0,1,0
0.0,0.0,0.0,1,0.0,1.696846373569795,0.0,120.0,360.0,1.0,0,1
1.0,0.0,0.0,1,1.0,1.2174872730363278,0.0,128.0,360.0,1.0,1,1
1.0,0.0,0.0,1,0.0,0.9650813749678209,2.0622433788842307,151.0,360.0,1.0,0,1
1.0,1.0,2.0,1,0.0,1.1095489898286937,0.8298031814657465,150.0,360.0,1.0,1,1
1.0,1.0,3.0,1,0.0,1.0211715745386,1.0834704842353762,160.0,360.0,0.0,2,1
0.0,0.0,0.0,1,0.0,0.8055306812307721,0.0,135.0,360.0,1.0,0,0
0.0,0.0,1.0,1,0.0,0.6777958569981569,0.9333042271712794,90.0,360.0,1.0,2,1
0.0,0.0,0.0,1,0.0,0.7628738487840869,0.0,30.0,360.0,1.0,2,1
1.0,1.0,0.0,1,0.0,2.6268124555290187,0.0,136.0,360.0,1.0,2,1
1.0,0.0,0.0,1,0.0,0.6676619133782262,1.110990993498119,126.0,360.0,1.0,0,1
1.0,1.0,0.0,1,0.0,0.6174635414934532,1.3299585237190732,150.0,360.0,1.0,1,1
1.0,1.0,2.0,1,0.0,0.9191251190169722,0.0,90.0,360.0,1.0,1,1
1.0,1.0,1.0,1,0.0,0.6481010454606856,1.102016914390703,115.0,360.0,1.0,1,1
1.0,1.0,0.0,1,0.0,0.9410427180089154,1.958742333178698,207.0,360.0,1.0,1,1
1.0,1.0,0.0,1,0.0,0.7312936523870935,0.7777535226427328,80.0,360.0,1.0,2,1
0.0,1.0,0.0,0,0.0,0.9662597405050221,0.0,124.0,360.0,1.0,0,1
1.0,0.0,1.0,0,1.0,0.9551831044553304,1.4514077276394384,158.0,360.0,0.0,2,0
1.0,1.0,0.0,1,0.0,0.925488292917859,0.4786175523955279,112.0,360.0,1.0,1,1
1.0,1.0,2.0,1,0.0,0.5422838202200136,0.5897764716404714,78.0,180.0,1.0,2,1
0.0,0.0,0.0,1,0.0,0.42680399757429144,0.9967210528636868,54.0,360.0,1.0,2,1
1.0,0.0,0.0,1,0.0,0.7442556732963073,1.8265242343294334,89.0,360.0,1.0,0,1
0.0,0.0,0.0,1,1.0,0.6127500793446482,1.0272329218289018,99.0,300.0,1.0,1,0
1.0,1.0,0.0,1,0.0,0.8729331899586834,1.1965438809888198,120.0,360.0,1.0,0,1
0.0,0.0,0.0,1,0.0,0.9719158950835881,0.0,115.0,360.0,1.0,1,1
1.0,0.0,0.0,1,0.0,2.24077990554189,0.0,187.0,360.0,1.0,0,1
1.0,1.0,0.0,1,0.0,0.7246948053787665,1.4454250082344942,139.0,360.0,1.0,0,1
1.0,1.0,2.0,1,0.0,1.036961672737097,0.0,127.0,360.0,0.0,1,0
1.0,1.0,2.0,1,0.0,0.743077307759106,0.9333042271712794,134.0,360.0,1.0,2,1
0.0,0.0,0.0,1,0.0,1.2766412230038304,0.0,143.0,480.0,0.0,2,0
1.0,1.0,0.0,1,0.0,0.5616090150301141,1.9946386496083626,172.0,360.0,1.0,1,1
1.0,1.0,3.0,1,0.0,1.0407324424561408,0.7478399256180124,110.0,360.0,1.0,2,1
1.0,1.0,1.0,1,0.0,1.620252613651714,0.0,200.0,360.0,1.0,1,1
0.0,1.0,1.0,1,0.0,1.0996507193162033,0.0,135.0,360.0,1.0,2,1
0.0,0.0,0.0,1,0.0,1.1783655372012465,1.5202090007962954,151.0,480.0,1.0,0,0
1.0,1.0,1.0,1,0.0,0.47464563838466206,1.7499454259461489,113.0,360.0,1.0,2,0
1.0,1.0,0.0,0,0.0,0.42421159339244874,1.7553298734105987,93.0,360.0,0.0,2,0
1.0,1.0,0.0,0,0.0,0.6775601838907167,1.0469758958652173,105.0,360.0,1.0,1,1
0.0,0.0,0.0,1,0.0,1.1783655372012465,0.0,132.0,360.0,1.0,0,1
1.0,1.0,1.0,1,0.0,0.3829687995904051,1.078684308711421,96.0,360.0,1.0,2,1
1.0,0.0,0.0,1,0.0,0.9426924297609972,1.4956798512360248,140.0,360.0,1.0,0,1
1.0,0.0,0.0,0,0.0,0.4713462148804986,0.0,120.0,360.0,1.0,2,0
0.0,0.0,0.0,1,0.0,0.8866022301902178,0.9967210528636868,135.0,360.0,1.0,0,1
0.0,0.0,0.0,1,0.0,0.5656154578565983,1.1145806251410857,104.0,360.0,0.0,2,0
1.0,1.0,2.0,0,0.0,1.8069057147443912,0.0,185.0,360.0,1.0,0,1
0.0,0.0,0.0,1,0.0,0.6874584544032072,0.0,84.0,360.0,1.0,1,1
1.0,0.0,0.0,0,0.0,0.6898151854776097,1.4388440168890557,111.0,360.0,1.0,1,1
0.0,0.0,0.0,1,0.0,0.590832480352705,0.0,56.0,360.0,1.0,0,1
1.0,1.0,2.0,1,1.0,1.3541776753516723,0.0,144.0,84.0,1.0,0,1
1.0,1.0,0.0,1,0.0,0.5828195946997365,1.1026151863311975,159.0,360.0,1.0,0,0
1.0,1.0,1.0,0,0.0,0.8010528921894073,0.9811659824108322,111.0,180.0,1.0,2,1
1.0,1.0,2.0,1,0.0,0.8759969403554067,0.0,120.0,360.0,1.0,1,1
1.0,1.0,0.0,1,0.0,0.48501525511203303,1.2767123210150706,88.0,360.0,1.0,2,1
0.0,0.0,1.0,1,0.0,0.8345184734459228,0.0,112.0,360.0,1.0,1,1
1.0,1.0,1.0,1,1.0,2.356731074402493,0.0,155.0,360.0,1.0,0,0
1.0,1.0,0.0,1,0.0,0.5656154578565983,1.2964552950513861,115.0,360.0,1.0,1,1
1.0,1.0,3.0,1,0.0,1.0232926325055625,0.11307339675344347,124.0,360.0,1.0,1,1
1.0,1.0,2.0,0,0.0,0.8486588598923377,0.9512523853861117,120.0,360.0,1.0,0,1
0.0,0.0,0.0,1,0.0,0.7461410581558292,1.7858417423758135,132.0,360.0,1.0,0,1
1.0,1.0,1.0,1,1.0,2.0423431490772,2.981189079483644,376.0,360.0,0.0,0,0
1.0,0.0,0.0,1,0.0,1.1588046692837057,0.0,130.0,360.0,0.0,0,1
1.0,1.0,0.0,1,1.0,1.3711461390873703,1.2922673914679252,184.0,360.0,1.0,1,1
0.0,1.0,0.0,1,0.0,1.0211715745386,1.4663645261517986,110.0,360.0,1.0,2,0
0.0,0.0,0.0,1,0.0,0.5891827686006232,0.0,67.0,360.0,1.0,2,1
1.0,0.0,1.0,1,0.0,1.0331909030180528,1.0727015893064769,117.0,360.0,1.0,2,1
1.0,0.0,0.0,1,0.0,0.6917005703371316,0.0,98.0,360.0,1.0,1,1
1.0,0.0,0.0,1,0.0,0.6676619133782262,0.0,71.0,360.0,1.0,2,1
1.0,1.0,1.0,1,1.0,2.3173736654599715,1.0966324669262533,182.0,180.0,1.0,2,1
1.0,1.0,0.0,1,1.0,1.2969091102436918,2.6862410128199,70.0,360.0,1.0,1,1
1.0,1.0,1.0,1,0.0,1.2372838140613087,0.411611095060154,160.0,360.0,1.0,0,1
1.0,1.0,2.0,1,1.0,0.5891827686006232,2.7520509262742854,176.0,360.0,1.0,0,1
0.0,0.0,3.0,0,0.0,0.4312817866156562,0.0,120.0,360.0,0.0,2,0
0.0,0.0,0.0,1,0.0,0.9804001269514371,0.0,71.0,360.0,1.0,1,1
1.0,1.0,3.0,0,0.0,0.6238267153943399,0.9494575695646285,173.0,360.0,1.0,0,0
0.0,0.0,0.0,1,0.0,0.5604306494929128,0.0,46.0,360.0,1.0,0,0
1.0,1.0,1.0,0,0.0,1.0732553312828952,0.7352762148676297,158.0,360.0,1.0,2,1
1.0,1.0,3.0,0,0.0,0.747790769907911,0.0,74.0,360.0,1.0,1,1
1.0,1.0,2.0,1,0.0,0.6087436365181639,1.3939736213519751,125.0,360.0,1.0,0,1
1.0,1.0,0.0,1,0.0,0.588947095493183,1.4705524297352595,160.0,360.0,1.0,1,1
1.0,1.0,0.0,0,0.0,0.8302763575119982,1.932418367796944,152.0,360.0,0.0,0,0
1.0,1.0,2.0,0,0.0,0.7265801902382886,1.2970535669918806,126.0,360.0,1.0,2,1
1.0,1.0,0.0,1,0.0,1.4925177894190989,2.7418803032858805,259.0,360.0,1.0,1,1
1.0,1.0,0.0,1,0.0,0.6186419070306544,3.739199628090062,187.0,360.0,1.0,0,1
1.0,1.0,0.0,1,0.0,2.1406188348797843,0.0,228.0,360.0,1.0,1,1
1.0,0.0,0.0,1,0.0,2.0621396901021813,2.492999176040206,308.0,360.0,1.0,0,0
1.0,1.0,3.0,1,0.0,0.6283045044357046,1.2462004520498557,95.0,360.0,1.0,0,1
0.0,1.0,0.0,1,1.0,1.2962020909213712,0.0,105.0,360.0,0.0,0,0
0.0,1.0,0.0,1,0.0,0.571035939327724,0.302127329949677,130.0,360.0,1.0,1,1
0.0,0.0,0.0,1,0.0,0.8986215586696705,0.0,116.0,180.0,1.0,2,1
1.0,1.0,2.0,1,0.0,1.9638640042995974,1.894727235545796,165.0,360.0,1.0,0,1
1.0,1.0,1.0,1,0.0,0.913233291330966,0.0,67.0,360.0,1.0,2,0
1.0,1.0,0.0,0,0.0,0.7070193223207478,0.9967210528636868,100.0,480.0,0.0,2,0
1.0,1.0,3.0,1,0.0,1.2177229461437682,1.894727235545796,200.0,360.0,1.0,1,1
0.0,0.0,1.0,1,0.0,1.1130840864402973,0.0,81.0,360.0,1.0,1,0
1.0,1.0,2.0,1,0.0,1.1783655372012465,2.193863205793001,236.0,360.0,1.0,1,1
1.0,1.0,0.0,1,0.0,1.119447260341184,1.3957684371734582,130.0,360.0,1.0,2,1
1.0,1.0,0.0,1,0.0,0.7100830727174711,1.8145587955195452,95.0,300.0,1.0,2,1
1.0,0.0,0.0,1,1.0,1.6077619389573807,0.0,141.0,360.0,1.0,0,1
1.0,0.0,0.0,0,0.0,1.4649440358485897,0.0,133.0,360.0,1.0,0,0
1.0,0.0,0.0,1,0.0,0.5891827686006232,0.0,96.0,480.0,1.0,1,0
1.0,0.0,0.0,1,0.0,1.2075890025238374,0.0,124.0,360.0,0.0,0,0
1.0,1.0,1.0,1,0.0,1.4906324045595767,0.0,175.0,360.0,1.0,1,1
1.0,1.0,2.0,1,0.0,1.2219650620776925,0.0,155.0,360.0,1.0,1,1
1.0,1.0,2.0,1,1.0,2.197180380665444,4.710194987512489,380.0,300.0,1.0,0,1
1.0,0.0,1.0,1,0.0,0.7216310549820433,1.1887663457623925,111.0,180.0,0.0,2,0
0.0,0.0,0.0,1,0.0,0.651400468964849,0.872878761181344,110.0,360.0,1.0,2,1
1.0,1.0,0.0,1,0.0,1.1352373585396809,0.5522050010763403,120.0,180.0,1.0,2,1
1.0,1.0,3.0,1,0.0,2.0621396901021813,2.9889666147100717,130.0,360.0,1.0,0,1
1.0,1.0,0.0,1,0.0,1.0157510930674745,0.0,130.0,360.0,1.0,1,1
1.0,0.0,0.0,1,0.0,0.7232807667341251,0.0,71.0,480.0,1.0,2,0
1.0,1.0,2.0,1,0.0,1.270513722210384,0.0,130.0,360.0,1.0,2,1
1.0,1.0,0.0,1,0.0,0.7854984670983509,1.4956798512360248,128.0,360.0,1.0,1,1
1.0,0.0,0.0,1,0.0,1.400133931302521,2.5318868521723426,296.0,360.0,1.0,1,1
0.0,0.0,0.0,1,0.0,1.4140386446414956,0.0,156.0,360.0,1.0,2,1
1.0,0.0,0.0,1,1.0,1.6890691610242667,0.0,128.0,360.0,1.0,2,1
1.0,1.0,2.0,1,0.0,1.0760834085721782,0.0,100.0,360.0,1.0,2,0
1.0,0.0,1.0,1,0.0,0.8642132849833941,0.0,113.0,180.0,1.0,2,1
1.0,0.0,0.0,0,0.0,0.5528891100548249,0.9572351047910558,132.0,360.0,1.0,1,1
1.0,1.0,0.0,0,0.0,0.7093760533951504,1.8761808053904694,120.0,360.0,0.0,2,0
1.0,1.0,0.0,1,0.0,0.5498253596581016,1.4460232801749886,136.0,360.0,1.0,2,1
1.0,1.0,0.0,1,0.0,1.2933740136320881,0.0,125.0,360.0,1.0,0,1
1.0,0.0,3.0,1,0.0,2.160415375904765,0.0,185.0,360.0,1.0,0,1
1.0,1.0,3.0,1,0.0,2.2398372131121294,0.0,275.0,360.0,1.0,0,1
1.0,1.0,0.0,1,0.0,0.6087436365181639,1.2653451541456768,120.0,360.0,1.0,2,1
1.0,1.0,2.0,0,0.0,0.4696965031284168,0.9721919033034161,113.0,180.0,1.0,1,1
1.0,1.0,2.0,1,0.0,0.7305866330647728,0.8375807166921738,113.0,360.0,1.0,2,1
1.0,1.0,2.0,1,0.0,0.7720650999742567,0.28956361919929435,135.0,360.0,1.0,1,1
0.0,0.0,0.0,1,0.0,0.7494404816599928,0.0,71.0,360.0,0.0,2,0
1.0,1.0,0.0,1,0.0,0.7147965348662761,0.872878761181344,95.0,360.0,1.0,2,1
1.0,0.0,0.0,0,0.0,0.9195964652318527,0.9967210528636868,109.0,360.0,1.0,0,1
0.0,0.0,0.0,1,0.0,0.3535096611603739,1.0768894928899377,103.0,360.0,0.0,1,0
1.0,1.0,2.0,0,0.0,0.6808596073948802,0.0,45.0,180.0,0.0,2,0
1.0,0.0,0.0,0,0.0,0.6492794109978868,0.0,65.0,300.0,1.0,0,0
1.0,0.0,0.0,1,0.0,0.5891827686006232,11.965438809888198,103.0,360.0,1.0,1,1
0.0,0.0,0.0,0,0.0,0.46262630990520937,0.0,53.0,360.0,1.0,1,1
0.0,0.0,0.0,1,1.0,1.753643592462895,0.0,194.0,360.0,1.0,0,0
0.0,0.0,0.0,1,0.0,1.0716056195308135,0.0,115.0,360.0,1.0,1,1
1.0,1.0,0.0,0,0.0,0.5107036238230203,1.4358526571865837,115.0,360.0,1.0,2,1
0.0,0.0,0.0,0,0.0,0.5215445867652717,0.0,66.0,360.0,1.0,0,1
1.0,1.0,1.0,1,0.0,1.9560867917540692,0.0,152.0,300.0,0.0,1,0
0.0,0.0,1.0,0,1.0,0.911347906471444,0.0,62.0,360.0,1.0,1,0
1.0,1.0,0.0,1,0.0,1.4743709601461996,0.0,160.0,360.0,1.0,2,1
1.0,1.0,0.0,0,0.0,1.4366632629557596,0.0,218.0,360.0,0.0,0,0
1.0,1.0,0.0,0,0.0,0.5309715110628817,1.2162868550251353,110.0,360.0,1.0,0,1
0.0,1.0,0.0,0,0.0,0.5064615078890957,1.9366062713804049,178.0,360.0,0.0,1,0
0.0,0.0,0.0,1,0.0,0.7058409567835466,0.0,60.0,360.0,1.0,2,1
0.0,0.0,1.0,1,0.0,0.6127500793446482,0.0,160.0,360.0,1.0,2,0
1.0,1.0,2.0,1,1.0,0.37707697190439887,11.965438809888198,239.0,360.0,1.0,2,0
1.0,1.0,0.0,1,0.0,0.24156493512625551,1.6590080909909986,112.0,360.0,1.0,0,1
1.0,1.0,0.0,1,0.0,0.7649949067510492,0.8477513396805788,138.0,360.0,1.0,1,1
1.0,1.0,0.0,1,0.0,1.373738543269213,0.0,138.0,360.0,1.0,0,1
0.0,0.0,0.0,0,0.0,0.641030852237478,0.0,80.0,360.0,0.0,2,0
1.0,1.0,0.0,1,0.0,0.4289250555412537,1.0284294657098905,100.0,360.0,1.0,2,1
1.0,1.0,1.0,1,0.0,1.7086300289418073,0.9973193248041813,110.0,360.0,0.0,2,0
1.0,1.0,0.0,1,0.0,0.6283045044357046,2.5725693441259625,121.0,360.0,1.0,0,1
0.0,0.0,1.0,0,0.0,1.0855103328697882,0.0,81.0,360.0,1.0,0,0
1.0,1.0,2.0,1,0.0,1.3987198926578794,0.0,133.0,360.0,1.0,1,1
1.0,1.0,0.0,1,0.0,0.6881654737255279,0.009644144183318317,87.0,360.0,1.0,0,1
1.0,0.0,0.0,0,0.0,0.6403238329151574,0.0,60.0,180.0,1.0,2,1
0.0,0.0,1.0,1,1.0,2.03244487856471,0.0,150.0,360.0,1.0,1,1
1.0,0.0,0.0,1,0.0,1.5318751983616203,0.0,105.0,360.0,0.0,0,0
1.0,1.0,0.0,1,0.0,0.5715072855426045,1.399956340756919,143.0,360.0,1.0,1,1
1.0,0.0,0.0,1,0.0,0.8837741529009349,0.0,100.0,360.0,1.0,2,1
0.0,1.0,0.0,1,0.0,2.3678077104521846,0.0,120.0,240.0,1.0,1,1
1.0,0.0,0.0,1,0.0,0.4539064049299201,1.1074013618551526,50.0,360.0,1.0,1,1
1.0,1.0,0.0,1,0.0,0.5215445867652717,0.6730559330562111,120.0,360.0,1.0,2,1
1.0,0.0,0.0,1,1.0,2.4547710870976367,0.0,187.0,360.0,0.0,2,0
0.0,1.0,0.0,0,1.0,1.6831773333382605,0.0,138.0,360.0,1.0,0,1
1.0,0.0,0.0,1,0.0,0.8625635732313124,3.0296491066636917,187.0,360.0,1.0,1,1
1.0,1.0,0.0,1,0.0,1.8620532218854096,1.0966324669262533,180.0,360.0,1.0,0,1
1.0,0.0,3.0,0,0.0,1.1093133167212534,1.192355977405359,148.0,360.0,1.0,1,1
1.0,1.0,0.0,1,0.0,1.728190896859348,4.985400080139917,175.0,300.0,1.0,0,1
1.0,1.0,1.0,1,1.0,0.8168429903879041,0.723909047998236,130.0,360.0,1.0,0,1
